experiment_id	val_auc	status	variable_changed	value_tested	fixed_conditions	confidence_note
1	0.996179	discard	model	logistic_regression_baseline	frozen model, seed 42, 80/20 split	no confidence note provided
2	0.840395	discard	feature selection	drop leaky features baseline	seed 42, 80/20 split	leakage audit
3	0.703883	baseline	feature selection	leakage-free baseline	seed 42, 80/20 split, dropped leaky cols	leakage audit
4	0.721055	keep	classifier	RandomForestClassifier_n100	seed 42, 80/20 split, dropped leaky cols, imputer median	first run
5	0.744975	keep	classifier	GradientBoostingClassifier_n100	seed 42, 80/20 split, dropped leaky cols, imputer median	first run
6	0.704084	discard	class_weight	balanced	seed 42, 80/20 split, dropped leaky cols, LogisticRegression, StandardScaler, imputer median	first run
7	0.746527	keep	n_estimators	200	seed 42, 80/20 split, dropped leaky cols, GradientBoostingClassifier, imputer median, lr=0.1, max_depth=3	first run
8	0.751013	keep	max_depth	4	seed 42, 80/20 split, dropped leaky cols, GradientBoostingClassifier, n_estimators=200, imputer median, lr=0.1	first run
9	0.750967	discard	learning_rate	0.05	seed 42, 80/20 split, dropped leaky cols, GradientBoostingClassifier, n_estimators=200, max_depth=4, imputer median	first run
